Workbook

Sheet WORLD_ENGINE
A1: Datum | B1: USD/JPY Kurs | C1: VIX Index | D1: Inflation Legacy (%) | E1: Staatsbudget (Mrd.)
A2: 46082 | B2: 148 | C2: 32 | D2: 0.05 | E2: 450
A3: 46113 | B3: 152.5 | C3: 18.5 | D3: 0.041 | E3: 450
A4: 46143 | B4: 151.8 | C4: 19.2 | D4: 0.043 | E4: 450
A5: 46174 | B5: 149.5 | C5: 24.5 | D5: 0.048 | E5: 455
A6: 46204 | B6: 146.2 | C6: 31 | D6: 0.055 | E6: 460
A7: 46235 | B7: 142.8 | C7: 38.5 | D7: 0.062 | E7: 470
A8: 46266 | B8: 140.1 | C8: 42 | D8: 0.075 | E8: 480
A9: 46296 | B9: 144.5 | C9: 35 | D9: 0.068 | E9: 475
A10: 46327 | B10: 147 | C10: 28 | D10: 0.06 | E10: 465

Sheet SHADOW_LOGIC
A1: Contract: Efficiency_Oracle | B1: Contract: Stability_Trigger | C1: Contract: Inflation_Adjuster | D1: Contract: Net_Dividend_Pool | E1: Contract: Dividend_per_Node | F1: System_Loss
A2: =WORLD_ENGINE!E2 * 0.4 -> 180 | B2: =IF(WORLD_ENGINE!B2<150, 0.25, 0.05) -> 0.25 | C2: =A2 * (1 - WORLD_ENGINE!D2) -> 171 | D2: =C2 * (1 - B2) -> 128.25 | E2: =D2 * 0.8 -> 102.6 | F2: =D2-E2 -> 25.65
A3: =WORLD_ENGINE!E3 * 0.4 -> 180 | B3: =IF(WORLD_ENGINE!B3<150, 0.25, 0.05) -> 0.05 | C3: =A3 * (1 - WORLD_ENGINE!D3) -> 172.62 | D3: =C3 * (1 - B3) -> 163.989 | E3: =D3 * 0.8 -> 131.1912 | F3: =D3-E3 -> 32.7978
A4: =WORLD_ENGINE!E4 * 0.4 -> 180 | B4: =IF(WORLD_ENGINE!B4<150, 0.25, 0.05) -> 0.05 | C4: =A4 * (1 - WORLD_ENGINE!D4) -> 172.26 | D4: =C4 * (1 - B4) -> 163.647 | E4: =D4 * 0.8 -> 130.9176 | F4: =D4-E4 -> 32.7294
A5: =WORLD_ENGINE!E5 * 0.4 -> 182 | B5: =IF(WORLD_ENGINE!B5<150, 0.25, 0.05) -> 0.25 | C5: =A5 * (1 - WORLD_ENGINE!D5) -> 173.264 | D5: =C5 * (1 - B5) -> 129.948 | E5: =D5 * 0.8 -> 103.9584 | F5: =D5-E5 -> 25.9896
A6: =WORLD_ENGINE!E6 * 0.4 -> 184 | B6: =IF(WORLD_ENGINE!B6<150, 0.25, 0.05) -> 0.25 | C6: =A6 * (1 - WORLD_ENGINE!D6) -> 173.88 | D6: =C6 * (1 - B6) -> 130.41 | E6: =D6 * 0.8 -> 104.328 | F6: =D6-E6 -> 26.082
A7: =WORLD_ENGINE!E7 * 0.4 -> 188 | B7: =IF(WORLD_ENGINE!B7<150, 0.25, 0.05) -> 0.25 | C7: =A7 * (1 - WORLD_ENGINE!D7) -> 176.344 | D7: =C7 * (1 - B7) -> 132.258 | E7: =D7 * 0.8 -> 105.8064 | F7: =D7-E7 -> 26.4516
A8: =WORLD_ENGINE!E8 * 0.4 -> 192 | B8: =IF(WORLD_ENGINE!B8<150, 0.25, 0.05) -> 0.25 | C8: =A8 * (1 - WORLD_ENGINE!D8) -> 177.6 | D8: =C8 * (1 - B8) -> 133.2 | E8: =D8 * 0.8 -> 106.56 | F8: =D8-E8 -> 26.64
A9: =WORLD_ENGINE!E9 * 0.4 -> 190 | B9: =IF(WORLD_ENGINE!B9<150, 0.25, 0.05) -> 0.25 | C9: =A9 * (1 - WORLD_ENGINE!D9) -> 177.08 | D9: =C9 * (1 - B9) -> 132.81 | E9: =D9 * 0.8 -> 106.248 | F9: =D9-E9 -> 26.562
A10: =WORLD_ENGINE!E10 * 0.4 -> 186 | B10: =IF(WORLD_ENGINE!B10<150, 0.25, 0.05) -> 0.25 | C10: =A10 * (1 - WORLD_ENGINE!D10) -> 174.84 | D10: =C10 * (1 - B10) -> 131.13 | E10: =D10 * 0.8 -> 104.904 | F10: =D10-E10 -> 26.226

Sheet DASHBOARD
